h3_10_id,cnt_uuid
8a2f5a368ce7fff,256
8a2f5a34c7affff,1
8a2f5a34c0f7fff,1
8a2f5a36ab57fff,1
8a2f5a3632e7fff,1
8a2f5a36e91ffff,513
8a2f5a36ab5ffff,2
8a2f5a345a17fff,2
8a2f5a345b27fff,2
8a2f5a36a82ffff,2
8a2f5a363237fff,2
8a2f5a3632f7fff,2
8a2f5a34c637fff,2
8a2f5a363247fff,3
8a2f5a36325ffff,3
8a2f5a34c607fff,3
8a2f5a36e2effff,259
8a2f5a34c627fff,4
8a2f5a3630cffff,4
8a2f5a363207fff,4
8a2f5a34514ffff,4
8a2f5a36a297fff,4
8a2f5a36322ffff,4
8a2f5a345b67fff,4
8a2f5a345b77fff,4
8a2f5a34c0d7fff,4
8a2f5a34ed1ffff,260
8a2f5a345187fff,260
8a2f5a34e81ffff,5
8a2f5a36b457fff,5
8a2f5a363757fff,5
8a2f5a34c787fff,5
8a2f5a36e287fff,5
8a2f5a36375ffff,5
8a2f5a34c737fff,5
8a2f5a3616effff,5
8a2f5a3632b7fff,5
8a2f5a36bc5ffff,6
8a2f5a36aa67fff,6
8a2f5a344b0ffff,6
8a2f5a345a0ffff,6
8a2f5a36ab67fff,6
8a2f5a34c09ffff,6
8a2f5a3616e7fff,6
8a2f5a3412a7fff,6
8a2f5a36e59ffff,6
8a2f5a36a85ffff,6
8a2f5a363baffff,6
8a2f5a34c0dffff,6
8a2f5a34c0c7fff,6
8a2f5a34c0e7fff,6
8a2f5a341d27fff,6
8a2f5a341aa7fff,262
8a2f5a36ec8ffff,262
8a2f5a34584ffff,7
8a2f5a36e4a7fff,7
8a2f5a34c477fff,7
8a2f5a36ad87fff,7
8a2f5a36e397fff,7
8a2f5a344b77fff,7
8a2f5a34c6affff,7
8a2f5a34c197fff,7
8a2f5a341287fff,7
8a2f5a36ab6ffff,7
8a2f5a341197fff,7
8a2f5a36e76ffff,7
8a2f5a36ed6ffff,7
8a2f5a34c72ffff,7
8a2f5a3638c7fff,7
8a2f5a345b47fff,7
8a2f5a36e307fff,7
8a2f5a36e9b7fff,7
8a2f5a34c68ffff,7
8a2f5a36339ffff,7
8a2f5a363627fff,7
8a2f5a3632effff,7
8a2f5a3631b7fff,263
8a2f5a36aa47fff,8
8a2f5a36160ffff,8
8a2f5a343a6ffff,8
8a2f5a36ec2ffff,8
8a2f5a36aa77fff,8
8a2f5a34c7a7fff,8
8a2f5a34e977fff,8
8a2f5a36a0dffff,8
8a2f5a368697fff,8
8a2f5a3632cffff,8
8a2f5a36321ffff,8
8a2f5a36e39ffff,8
8a2f5a36e337fff,8
8a2f5a363747fff,8
8a2f5a3630effff,8
8a2f5a345a07fff,8
8a2f5a36e58ffff,8
8a2f5a344ab7fff,264
8a2f5a341bb7fff,520
8a2f5a34c71ffff,9
8a2f5a34c61ffff,9
8a2f5a34086ffff,9
8a2f5a363267fff,9
8a2f5a36358ffff,9
8a2f5a363777fff,9
8a2f5a36320ffff,9
8a2f5a363197fff,9
8a2f5a345b8ffff,9
8a2f5a34534ffff,9
8a2f5a36362ffff,9
8a2f5a363277fff,9
8a2f5a3638cffff,9
8a2f5a36366ffff,9
8a2f5a34c867fff,9
8a2f5a36e417fff,9
8a2f5a34c0affff,9
8a2f5a36372ffff,9
8a2f5a36ad9ffff,9
8a2f5a36ab47fff,9
8a2f5a345b37fff,9
8a2f5a344a8ffff,9
8a2f5a34c01ffff,9
8a2f5a36b537fff,9
8a2f5a36e99ffff,9
8a2f5a344a0ffff,265
8a2f5a34184ffff,265
8a2f5a36a857fff,10
8a2f5a36e067fff,10
8a2f5a34520ffff,10
8a2f5a36e317fff,10
8a2f5a345bb7fff,10
8a2f5a34e957fff,10
8a2f5a36e40ffff,10
8a2f5a36e11ffff,10
8a2f5a3614effff,10
8a2f5a340377fff,10
8a2f5a3412f7fff,10
8a2f5a34c687fff,10
8a2f5a3630dffff,10
8a2f5a363287fff,10
8a2f5a36a22ffff,10
8a2f5a36e06ffff,10
8a2f5a363a37fff,10
8a2f5a36bd6ffff,10
8a2f5a36e167fff,10
8a2f5a36374ffff,10
8a2f5a363c57fff,266
8a2f5a36e38ffff,11
8a2f5a341a1ffff,11
8a2f5a341c6ffff,11
8a2f5a34c7b7fff,11
8a2f5a34538ffff,11
8a2f5a363517fff,11
8a2f5a36e0f7fff,11
8a2f5a3617a7fff,11
8a2f5a36a7a7fff,11
8a2f5a36ec6ffff,11
8a2f5a345c8ffff,11
8a2f5a3632a7fff,11
8a2f5a36e2a7fff,11
8a2f5a345a1ffff,11
8a2f5a36314ffff,11
8a2f5a34c6f7fff,11
8a2f5a34c40ffff,11
8a2f5a3633a7fff,11
8a2f5a36bc27fff,11
8a2f5a36364ffff,11
8a2f5a345b07fff,11
8a2f5a36e4affff,11
8a2f5a34c78ffff,11
8a2f5a3410b7fff,11
8a2f5a36ad97fff,11
8a2f5a36e057fff,11
8a2f5a363607fff,11
8a2f5a3617affff,11
8a2f5a3616d7fff,11
8a2f5a3455a7fff,267
8a2f5a34c727fff,12
8a2f5a36bc57fff,12
8a2f5a36e487fff,12
8a2f5a34c79ffff,12
8a2f5a345697fff,12
8a2f5a341c47fff,12
8a2f5a3614dffff,12
8a2f5a36338ffff,12
8a2f5a36e587fff,12
8a2f5a34c55ffff,12
8a2f5a36a847fff,12
8a2f5a36852ffff,12
8a2f5a345827fff,12
8a2f5a345aa7fff,12
8a2f5a34e827fff,12
8a2f5a36e2b7fff,12
8a2f5a3616cffff,12
8a2f5a34c547fff,12
8a2f5a36a397fff,12
8a2f5a34c6a7fff,12
8a2f5a34c60ffff,12
8a2f5a36ecb7fff,12
8a2f5a36adaffff,12
8a2f5a36e077fff,12
8a2f5a363697fff,12
8a2f5a36bd77fff,12
8a2f5a36e49ffff,12
8a2f5a345837fff,12
8a2f5a3633affff,12
8a2f5a36bce7fff,12
8a2f5a3452a7fff,12
8a2f5a36a187fff,12
8a2f5a36a44ffff,12
8a2f5a341adffff,268
8a2f5a345867fff,13
8a2f5a34c497fff,13
8a2f5a341a37fff,13
8a2f5a344b67fff,13
8a2f5a36e5b7fff,13
8a2f5a36e0cffff,13
8a2f5a36315ffff,13
8a2f5a363ad7fff,13
8a2f5a341317fff,13
8a2f5a34525ffff,13
8a2f5a36a01ffff,13
8a2f5a36a4effff,13
8a2f5a34c487fff,13
8a2f5a34c4d7fff,13
8a2f5a36ed47fff,13
8a2f5a3632c7fff,13
8a2f5a36ec27fff,13
8a2f5a345ac7fff,13
8a2f5a343baffff,13
8a2f5a36a2f7fff,13
8a2f5a34c567fff,13
8a2f5a36a257fff,13
8a2f5a3458cffff,13
8a2f5a36b5affff,13
8a2f5a36e107fff,13
8a2f5a36b507fff,13
8a2f5a34c08ffff,13
8a2f5a3453a7fff,13
8a2f5a3414effff,13
8a2f5a36e0effff,13
8a2f5a341c9ffff,13
8a2f5a34c617fff,13
8a2f5a36e15ffff,13
8a2f5a36e48ffff,13
8a2f5a34e94ffff,13
8a2f5a36ec77fff,13
8a2f5a36340ffff,269
8a2f5a341597fff,269
8a2f5a34112ffff,14
8a2f5a36a347fff,14
8a2f5a36e0e7fff,14
8a2f5a36b587fff,14
8a2f5a345b4ffff,14
8a2f5a36a447fff,14
8a2f5a34c81ffff,14
8a2f5a34e8f7fff,14
8a2f5a363677fff,14
8a2f5a3634a7fff,14
8a2f5a36ed27fff,14
8a2f5a3417b7fff,14
8a2f5a361657fff,14
8a2f5a36a76ffff,14
8a2f5a36e137fff,14
8a2f5a34572ffff,14
8a2f5a36e537fff,14
8a2f5a36aca7fff,14
8a2f5a36a06ffff,14
8a2f5a345aaffff,14
8a2f5a36a4cffff,14
8a2f5a36a547fff,14
8a2f5a34c797fff,14
8a2f5a34c6e7fff,14
8a2f5a341c4ffff,14
8a2f5a36b5a7fff,14
8a2f5a36352ffff,14
8a2f5a34164ffff,14
8a2f5a36aa6ffff,14
8a2f5a34539ffff,14
8a2f5a363667fff,14
8a2f5a36e00ffff,14
8a2f5a341c57fff,14
8a2f5a340b4ffff,14
8a2f5a34ed37fff,14
8a2f5a363a97fff,14
8a2f5a345b87fff,14
8a2f5a36e597fff,14
8a2f5a36ada7fff,14
8a2f5a3451a7fff,270
8a2f5a34540ffff,270
8a2f5a363917fff,270
8a2f5a3440dffff,270
8a2f5a363a47fff,782
8a2f5a3634dffff,15
8a2f5a34c757fff,15
8a2f5a34586ffff,15
8a2f5a3616b7fff,15
8a2f5a341567fff,15
8a2f5a34cceffff,15
8a2f5a36ec4ffff,15
8a2f5a345277fff,15
8a2f5a341457fff,15
8a2f5a36e89ffff,15
8a2f5a36a6a7fff,15
8a2f5a345357fff,15
8a2f5a36a45ffff,15
8a2f5a36a337fff,15
8a2f5a36a56ffff,15
8a2f5a36a7b7fff,15
8a2f5a36a457fff,15
8a2f5a36aa9ffff,15
8a2f5a36b50ffff,15
8a2f5a3410a7fff,15
8a2f5a36ab8ffff,15
8a2f5a36e04ffff,15
8a2f5a36e3affff,15
8a2f5a341caffff,15
8a2f5a36a117fff,15
8a2f5a36e8dffff,15
8a2f5a36e047fff,15
8a2f5a34c657fff,15
8a2f5a36e497fff,15
8a2f5a363067fff,15
8a2f5a340b97fff,15
8a2f5a363617fff,15
8a2f5a345aeffff,15
8a2f5a36e437fff,15
8a2f5a36e7b7fff,15
8a2f5a36e4e7fff,15
8a2f5a341557fff,15
8a2f5a36ed37fff,15
8a2f5a3614c7fff,15
8a2f5a34eb6ffff,15
8a2f5a340a8ffff,15
8a2f5a344357fff,271
8a2f5a34cce7fff,16
8a2f5a34c62ffff,16
8a2f5a34404ffff,16
8a2f5a363417fff,16
8a2f5a3412c7fff,16
8a2f5a36ec47fff,16
8a2f5a36ed2ffff,16
8a2f5a36162ffff,16
8a2f5a34111ffff,16
8a2f5a345a87fff,16
8a2f5a3456d7fff,16
8a2f5a36e387fff,16
8a2f5a345497fff,16
8a2f5a3614cffff,16
8a2f5a3453affff,16
8a2f5a341a6ffff,16
8a2f5a344a87fff,16
8a2f5a36e207fff,16
8a2f5a36e767fff,16
8a2f5a34110ffff,16
8a2f5a34cdaffff,16
8a2f5a36a6e7fff,16
8a2f5a361787fff,16
8a2f5a36a4e7fff,16
8a2f5a34c107fff,16
8a2f5a36e5a7fff,16
8a2f5a345acffff,16
8a2f5a36840ffff,16
8a2f5a363b17fff,16
8a2f5a34c677fff,16
8a2f5a345a5ffff,16
8a2f5a340357fff,16
8a2f5a34119ffff,16
8a2f5a36e527fff,16
8a2f5a3412d7fff,16
8a2f5a34c087fff,16
8a2f5a36bc97fff,16
8a2f5a340347fff,16
8a2f5a345b97fff,16
8a2f5a341677fff,16
8a2f5a3456b7fff,16
8a2f5a34536ffff,16
8a2f5a36e187fff,16
8a2f5a36336ffff,16
8a2f5a345197fff,272
8a2f5a345a57fff,17
8a2f5a36ac5ffff,17
8a2f5a345377fff,17
8a2f5a34c097fff,17
8a2f5a36ec0ffff,17
8a2f5a363167fff,17
8a2f5a36ed07fff,17
8a2f5a341607fff,17
8a2f5a345b6ffff,17
8a2f5a3412b7fff,17
8a2f5a341daffff,17
8a2f5a36ec07fff,17
8a2f5a363147fff,17
8a2f5a363657fff,17
8a2f5a36eb97fff,17
8a2f5a36ad8ffff,17
8a2f5a345a4ffff,17
8a2f5a36178ffff,17
8a2f5a345347fff,17
8a2f5a345cd7fff,17
8a2f5a36e887fff,17
8a2f5a36395ffff,17
8a2f5a3412effff,17
8a2f5a36bd1ffff,17
8a2f5a341477fff,17
8a2f5a341c37fff,17
8a2f5a36e12ffff,17
8a2f5a345317fff,17
8a2f5a3630c7fff,17
8a2f5a36a747fff,17
8a2f5a34176ffff,17
8a2f5a34e867fff,17
8a2f5a3632d7fff,17
8a2f5a3632dffff,17
8a2f5a341627fff,17
8a2f5a36376ffff,17
8a2f5a343b57fff,17
8a2f5a341a0ffff,17
8a2f5a36a8d7fff,17
8a2f5a36a637fff,17
8a2f5a34e86ffff,17
8a2f5a36a2b7fff,17
8a2f5a36e4f7fff,17
8a2f5a3411a7fff,17
8a2f5a36bd87fff,273
8a2f5a36ecc7fff,273
8a2f5a36e20ffff,18
8a2f5a34c947fff,18
8a2f5a3458affff,18
8a2f5a341c17fff,18
8a2f5a36a25ffff,18
8a2f5a340277fff,18
8a2f5a34ed27fff,18
8a2f5a368577fff,18
8a2f5a341507fff,18
8a2f5a36a0c7fff,18
8a2f5a345cf7fff,18
8a2f5a34c94ffff,18
8a2f5a36e4d7fff,18
8a2f5a363857fff,18
8a2f5a34c46ffff,18
8a2f5a36ac87fff,18
8a2f5a36161ffff,18
8a2f5a34e95ffff,18
8a2f5a36e627fff,18
8a2f5a36a0f7fff,18
8a2f5a36a227fff,18
8a2f5a36389ffff,18
8a2f5a36e037fff,18
8a2f5a36ab77fff,18
8a2f5a363b47fff,18
8a2f5a36e8f7fff,18
8a2f5a3411affff,18
8a2f5a345267fff,18
8a2f5a34cd97fff,18
8a2f5a36ed57fff,18
8a2f5a3616dffff,18
8a2f5a34cc5ffff,18
8a2f5a3638dffff,18
8a2f5a344977fff,18
8a2f5a36ac4ffff,18
8a2f5a345967fff,18
8a2f5a34c827fff,18
8a2f5a341a4ffff,18
8a2f5a363767fff,18
8a2f5a34535ffff,18
8a2f5a34c697fff,18
8a2f5a34c49ffff,18
8a2f5a341647fff,18
8a2f5a36842ffff,18
8a2f5a36bd67fff,18
8a2f5a34569ffff,18
8a2f5a36ed4ffff,18
8a2f5a363a77fff,274
8a2f5a36adb7fff,19
8a2f5a36e177fff,19
8a2f5a36394ffff,19
8a2f5a345957fff,19
8a2f5a3684b7fff,19
8a2f5a34559ffff,19
8a2f5a34ccf7fff,19
8a2f5a340b6ffff,19
8a2f5a36e1a7fff,19
8a2f5a34c6b7fff,19
8a2f5a36e4b7fff,19
8a2f5a341d2ffff,19
8a2f5a363a27fff,19
8a2f5a363b1ffff,19
8a2f5a340adffff,19
8a2f5a36e0d7fff,19
8a2f5a363807fff,19
8a2f5a34c857fff,19
8a2f5a3410affff,19
8a2f5a34c42ffff,19
8a2f5a341c07fff,19
8a2f5a36e21ffff,19
8a2f5a34410ffff,19
8a2f5a36e6affff,19
8a2f5a344af7fff,19
8a2f5a36e2f7fff,19
8a2f5a345a37fff,19
8a2f5a34e90ffff,19
8a2f5a34594ffff,19
8a2f5a344aaffff,19
8a2f5a36e0c7fff,19
8a2f5a36381ffff,19
8a2f5a34549ffff,19
8a2f5a363adffff,19
8a2f5a34114ffff,19
8a2f5a34591ffff,19
8a2f5a363437fff,19
8a2f5a3638d7fff,19
8a2f5a344b47fff,19
8a2f5a345977fff,19
8a2f5a341d87fff,19
8a2f5a345847fff,19
8a2f5a363327fff,19
8a2f5a36a36ffff,19
8a2f5a34eb37fff,19
8a2f5a36a74ffff,19
8a2f5a36859ffff,19
8a2f5a36e687fff,19
8a2f5a36a31ffff,19
8a2f5a36aa1ffff,19
8a2f5a36ec67fff,19
8a2f5a36388ffff,19
8a2f5a3412e7fff,19
8a2f5a36159ffff,531
8a2f5a341da7fff,20
8a2f5a345d57fff,20
8a2f5a36378ffff,20
8a2f5a36ac1ffff,20
8a2f5a36a417fff,20
8a2f5a341767fff,20
8a2f5a345cdffff,20
8a2f5a3456c7fff,20
8a2f5a341d6ffff,20
8a2f5a34530ffff,20
8a2f5a36e6dffff,20
8a2f5a36e127fff,20
8a2f5a34c0b7fff,20
8a2f5a341007fff,20
8a2f5a34e807fff,20
8a2f5a341017fff,20
8a2f5a36e3b7fff,20
8a2f5a36a78ffff,20
8a2f5a341ac7fff,20
8a2f5a36a20ffff,20
8a2f5a344927fff,20
8a2f5a36a0cffff,20
8a2f5a36179ffff,20
8a2f5a34568ffff,20
8a2f5a36386ffff,20
8a2f5a363aa7fff,20
8a2f5a341397fff,20
8a2f5a363297fff,20
8a2f5a36a567fff,20
8a2f5a341027fff,20
8a2f5a34c5affff,20
8a2f5a36bd47fff,20
8a2f5a36a0e7fff,20
8a2f5a36ac37fff,20
8a2f5a36361ffff,20
8a2f5a36a877fff,20
8a2f5a3634b7fff,20
8a2f5a34158ffff,20
8a2f5a36ab4ffff,20
8a2f5a36e10ffff,20
8a2f5a34145ffff,20
8a2f5a36a277fff,20
8a2f5a341037fff,20
8a2f5a340aaffff,20
8a2f5a36acd7fff,276
8a2f5a34c8e7fff,21
8a2f5a36e8cffff,21
8a2f5a341087fff,21
8a2f5a36e217fff,21
8a2f5a345597fff,21
8a2f5a34c707fff,21
8a2f5a36a6affff,21
8a2f5a36a737fff,21
8a2f5a36a037fff,21
8a2f5a36e70ffff,21
8a2f5a36a18ffff,21
8a2f5a3635affff,21
8a2f5a34094ffff,21
8a2f5a36b497fff,21
8a2f5a36b58ffff,21
8a2f5a36370ffff,21
8a2f5a341a77fff,21
8a2f5a363a87fff,21
8a2f5a36a42ffff,21
8a2f5a36b4affff,21
8a2f5a363cd7fff,21
8a2f5a341d77fff,21
8a2f5a34142ffff,21
8a2f5a34ed2ffff,21
8a2f5a36bc2ffff,21
8a2f5a34c50ffff,21
8a2f5a36ac2ffff,21
8a2f5a36ec5ffff,21
8a2f5a341657fff,21
8a2f5a34022ffff,21
8a2f5a36a61ffff,21
8a2f5a3634cffff,21
8a2f5a34020ffff,21
8a2f5a345877fff,21
8a2f5a345947fff,21
8a2f5a341b1ffff,21
8a2f5a345ce7fff,21
8a2f5a36e717fff,21
8a2f5a36a577fff,21
8a2f5a34035ffff,21
8a2f5a36ec57fff,21
8a2f5a36e8affff,21
8a2f5a3633b7fff,21
8a2f5a36e147fff,21
8a2f5a36165ffff,21
8a2f5a363397fff,21
8a2f5a36e407fff,21
8a2f5a34121ffff,21
8a2f5a341a47fff,21
8a2f5a34c817fff,21
8a2f5a36e16ffff,21
8a2f5a36a4f7fff,21
8a2f5a34e84ffff,21
8a2f5a340367fff,21
8a2f5a36ad1ffff,21
8a2f5a363d5ffff,21
8a2f5a34579ffff,22
8a2f5a340b9ffff,22
8a2f5a36e18ffff,22
8a2f5a340b27fff,22
8a2f5a36e8c7fff,22
8a2f5a363727fff,22
8a2f5a345807fff,22
8a2f5a36a80ffff,22
8a2f5a3617b7fff,22
8a2f5a341ab7fff,22
8a2f5a363b4ffff,22
8a2f5a34c967fff,22
8a2f5a36a84ffff,22
8a2f5a3456effff,22
8a2f5a36e5affff,22
8a2f5a36e9a7fff,22
8a2f5a34175ffff,22
8a2f5a34c587fff,22
8a2f5a340227fff,22
8a2f5a36e28ffff,22
8a2f5a363637fff,22
8a2f5a345ab7fff,22
8a2f5a3458dffff,22
8a2f5a36e1b7fff,22
8a2f5a36a14ffff,22
8a2f5a3408effff,22
8a2f5a36acb7fff,22
8a2f5a361677fff,22
8a2f5a36e117fff,22
8a2f5a3630d7fff,22
8a2f5a34ed47fff,22
8a2f5a363ab7fff,22
8a2f5a34c80ffff,22
8a2f5a3636cffff,22
8a2f5a363ba7fff,22
8a2f5a36b557fff,22
8a2f5a36e227fff,22
8a2f5a361647fff,22
8a2f5a34cd17fff,22
8a2f5a36a19ffff,22
8a2f5a36e507fff,22
8a2f5a344b57fff,22
8a2f5a34e80ffff,22
8a2f5a36ac97fff,22
8a2f5a36e427fff,22
8a2f5a343b0ffff,22
8a2f5a341a2ffff,22
8a2f5a34e91ffff,22
8a2f5a34144ffff,22
8a2f5a345c1ffff,22
8a2f5a343a77fff,278
8a2f5a3416c7fff,23
8a2f5a345d4ffff,23
8a2f5a34118ffff,23
8a2f5a36ed5ffff,23
8a2f5a363a1ffff,23
8a2f5a34eb27fff,23
8a2f5a36e41ffff,23
8a2f5a36a0a7fff,23
8a2f5a34c4b7fff,23
8a2f5a36359ffff,23
8a2f5a36a717fff,23
8a2f5a36ed77fff,23
8a2f5a36e237fff,23
8a2f5a34c5a7fff,23
8a2f5a3453b7fff,23
8a2f5a34140ffff,23
8a2f5a341387fff,23
8a2f5a341447fff,23
8a2f5a36aab7fff,23
8a2f5a3622c7fff,23
8a2f5a34c557fff,23
8a2f5a36a647fff,23
8a2f5a36ac9ffff,23
8a2f5a34151ffff,23
8a2f5a340a0ffff,23
8a2f5a36b417fff,23
8a2f5a363217fff,23
8a2f5a36a66ffff,23
8a2f5a36385ffff,23
8a2f5a36bc1ffff,23
8a2f5a36a34ffff,23
8a2f5a34cc77fff,23
8a2f5a36a35ffff,23
8a2f5a34138ffff,23
8a2f5a34c98ffff,23
8a2f5a3636c7fff,23
8a2f5a36a4c7fff,23
8a2f5a341ccffff,23
8a2f5a36e797fff,23
8a2f5a36e327fff,23
8a2f5a36aa17fff,23
8a2f5a3636affff,23
8a2f5a34c52ffff,23
8a2f5a363b6ffff,23
8a2f5a3616f7fff,23
8a2f5a36a8effff,23
8a2f5a34c977fff,23
8a2f5a34c5b7fff,23
8a2f5a363947fff,23
8a2f5a34c427fff,23
8a2f5a34408ffff,23
8a2f5a340b07fff,23
8a2f5a341637fff,23
8a2f5a345b9ffff,23
8a2f5a345367fff,23
8a2f5a36ad27fff,23
8a2f5a36ad5ffff,23
8a2f5a3606c7fff,23
8a2f5a36aa97fff,23
8a2f5a34590ffff,23
8a2f5a34c887fff,279
8a2f5a36335ffff,24
8a2f5a340ad7fff,24
8a2f5a340bb7fff,24
8a2f5a340257fff,24
8a2f5a36a607fff,24
8a2f5a341a97fff,24
8a2f5a341127fff,24
8a2f5a3638e7fff,24
8a2f5a345207fff,24
8a2f5a34c837fff,24
8a2f5a36a177fff,24
8a2f5a36360ffff,24
8a2f5a36a46ffff,24
8a2f5a34c0a7fff,24
8a2f5a3408c7fff,24
8a2f5a3458c7fff,24
8a2f5a36a64ffff,24
8a2f5a34c45ffff,24
8a2f5a36bcf7fff,24
8a2f5a36e757fff,24
8a2f5a36a2d7fff,24
8a2f5a341c0ffff,24
8a2f5a34e857fff,24
8a2f5a34e85ffff,24
8a2f5a36e817fff,24
8a2f5a3616c7fff,24
8a2f5a34139ffff,24
8a2f5a34ed07fff,24
8a2f5a363647fff,24
8a2f5a341b57fff,24
8a2f5a36a0d7fff,24
8a2f5a36b4a7fff,24
8a2f5a363a17fff,24
8a2f5a345cc7fff,24
8a2f5a36e69ffff,24
8a2f5a3616affff,24
8a2f5a34e817fff,24
8a2f5a36a007fff,24
8a2f5a3636b7fff,24
8a2f5a34e92ffff,24
8a2f5a363157fff,24
8a2f5a341c77fff,24
8a2f5a368597fff,24
8a2f5a34420ffff,280
8a2f5a34cd67fff,792
8a2f5a345397fff,25
8a2f5a36aa8ffff,25
8a2f5a34c58ffff,25
8a2f5a3684dffff,25
8a2f5a341667fff,25
8a2f5a341d1ffff,25
8a2f5a363a6ffff,25
8a2f5a3636f7fff,25
8a2f5a363337fff,25
8a2f5a345ae7fff,25
8a2f5a34cd07fff,25
8a2f5a36a5a7fff,25
8a2f5a36e68ffff,25
8a2f5a36aadffff,25
8a2f5a36168ffff,25
8a2f5a3440cffff,25
8a2f5a361607fff,25
8a2f5a36e3a7fff,25
8a2f5a36319ffff,25
8a2f5a363177fff,25
8a2f5a36aa37fff,25
8a2f5a34096ffff,25
8a2f5a34cd9ffff,25
8a2f5a341a27fff,25
8a2f5a341cc7fff,25
8a2f5a363b8ffff,25
8a2f5a36ea9ffff,25
8a2f5a36a307fff,25
8a2f5a3632affff,25
8a2f5a341137fff,25
8a2f5a36ed1ffff,25
8a2f5a345b0ffff,25
8a2f5a34495ffff,25
8a2f5a36e667fff,25
8a2f5a36ea87fff,25
8a2f5a341ceffff,25
8a2f5a345387fff,25
8a2f5a363557fff,25
8a2f5a36e8d7fff,25
8a2f5a340977fff,25
8a2f5a341cf7fff,25
8a2f5a3410dffff,25
8a2f5a341097fff,25
8a2f5a36aa2ffff,25
8a2f5a341c27fff,25
8a2f5a3411b7fff,25
8a2f5a36ac47fff,25
8a2f5a363847fff,25
8a2f5a36ea97fff,25
8a2f5a34c1b7fff,25
8a2f5a36365ffff,25
8a2f5a345baffff,25
8a2f5a34c48ffff,25
8a2f5a3636a7fff,25
8a2f5a36a537fff,25
8a2f5a341407fff,25
8a2f5a36a687fff,281
8a2f5a3638b7fff,281
8a2f5a34186ffff,281
8a2f5a3442a7fff,281
8a2f5a343b6ffff,793
8a2f5a34ccdffff,26
8a2f5a36a377fff,26
8a2f5a345167fff,26
8a2f5a340967fff,26
8a2f5a3448affff,26
8a2f5a34496ffff,26
8a2f5a3408cffff,26
8a2f5a36a79ffff,26
8a2f5a3636d7fff,26
8a2f5a34cc1ffff,26
8a2f5a36a707fff,26
8a2f5a363d4ffff,26
8a2f5a36b40ffff,26
8a2f5a3458f7fff,26
8a2f5a363877fff,26
8a2f5a36169ffff,26
8a2f5a36e29ffff,26
8a2f5a34e9a7fff,26
8a2f5a34170ffff,26
8a2f5a36e62ffff,26
8a2f5a34c467fff,26
8a2f5a341af7fff,26
8a2f5a3417a7fff,26
8a2f5a34504ffff,26
8a2f5a36e0dffff,26
8a2f5a36abb7fff,26
8a2f5a343bb7fff,26
8a2f5a341a57fff,26
8a2f5a340b37fff,26
8a2f5a36a71ffff,26
8a2f5a34cdb7fff,26
8a2f5a36346ffff,26
8a2f5a340a57fff,26
8a2f5a36a437fff,26
8a2f5a368497fff,26
8a2f5a34565ffff,26
8a2f5a34561ffff,26
8a2f5a34596ffff,26
8a2f5a343b2ffff,26
8a2f5a345ccffff,26
8a2f5a34506ffff,26
8a2f5a340a4ffff,26
8a2f5a36a627fff,26
8a2f5a3410c7fff,26
8a2f5a345047fff,26
8a2f5a341c1ffff,26
8a2f5a3459affff,26
8a2f5a34cc57fff,26
8a2f5a34c44ffff,26
8a2f5a36acdffff,26
8a2f5a345457fff,794
8a2f5a36a41ffff,27
8a2f5a36e1affff,27
8a2f5a36a38ffff,27
8a2f5a3414e7fff,27
8a2f5a34122ffff,27
8a2f5a341227fff,27
8a2f5a341d17fff,27
8a2f5a36accffff,27
8a2f5a345907fff,27
8a2f5a3630e7fff,27
8a2f5a36a75ffff,27
8a2f5a36e8a7fff,27
8a2f5a3614b7fff,27
8a2f5a3418d7fff,27
8a2f5a343a17fff,27
8a2f5a341517fff,27
8a2f5a363aaffff,27
8a2f5a36b5b7fff,27
8a2f5a36a60ffff,27
8a2f5a345537fff,27
8a2f5a34486ffff,27
8a2f5a368cdffff,27
8a2f5a36329ffff,27
8a2f5a36b527fff,27
8a2f5a344a67fff,27
8a2f5a3456a7fff,27
8a2f5a36e05ffff,27
8a2f5a36ec37fff,27
8a2f5a341047fff,27
8a2f5a345657fff,27
8a2f5a34c717fff,27
8a2f5a3454f7fff,27
8a2f5a363b07fff,27
8a2f5a36a8c7fff,27
8a2f5a34589ffff,27
8a2f5a363367fff,27
8a2f5a34166ffff,27
8a2f5a3638effff,27
8a2f5a368427fff,27
8a2f5a34cda7fff,27
8a2f5a344a6ffff,27
8a2f5a363b97fff,27
8a2f5a3684a7fff,27
8a2f5a34cccffff,27
8a2f5a36b447fff,27
8a2f5a363b87fff,27
8a2f5a34515ffff,27
8a2f5a341437fff,27
8a2f5a36e2c7fff,27
8a2f5a34cd1ffff,27
8a2f5a36b477fff,27
8a2f5a36a54ffff,27
8a2f5a363b37fff,27
8a2f5a363827fff,27
8a2f5a36a407fff,27
8a2f5a3684d7fff,28
8a2f5a341307fff,28
8a2f5a36316ffff,28
8a2f5a36a247fff,28
8a2f5a345607fff,28
8a2f5a345af7fff,28
8a2f5a36a50ffff,28
8a2f5a341427fff,28
8a2f5a34c597fff,28
8a2f5a34162ffff,28
8a2f5a34552ffff,28
8a2f5a36a797fff,28
8a2f5a36a32ffff,28
8a2f5a368537fff,28
8a2f5a36e027fff,28
8a2f5a343b07fff,28
8a2f5a340b1ffff,28
8a2f5a36b41ffff,28
8a2f5a343977fff,28
8a2f5a344aa7fff,28
8a2f5a36a2dffff,28
8a2f5a368587fff,28
8a2f5a363137fff,28
8a2f5a3456dffff,28
8a2f5a3456affff,28
8a2f5a34548ffff,28
8a2f5a36a8e7fff,28
8a2f5a368cd7fff,28
8a2f5a340867fff,28
8a2f5a345a97fff,28
8a2f5a341ca7fff,28
8a2f5a36bcd7fff,28
8a2f5a341757fff,28
8a2f5a34c577fff,28
8a2f5a3622cffff,28
8a2f5a34cd87fff,28
8a2f5a3456e7fff,28
8a2f5a36ebb7fff,28
8a2f5a36b51ffff,28
8a2f5a36e547fff,28
8a2f5a3630b7fff,28
8a2f5a34cc47fff,28
8a2f5a34e907fff,28
8a2f5a345a9ffff,28
8a2f5a3454b7fff,28
8a2f5a344ad7fff,28
8a2f5a36e517fff,28
8a2f5a36851ffff,28
8a2f5a34580ffff,28
8a2f5a36326ffff,28
8a2f5a36145ffff,28
8a2f5a36a1a7fff,28
8a2f5a345637fff,28
8a2f5a36310ffff,28
8a2f5a341147fff,284
8a2f5a363127fff,29
8a2f5a34c4e7fff,29
8a2f5a345217fff,29
8a2f5a341c5ffff,29
8a2f5a343ba7fff,29
8a2f5a36e997fff,29
8a2f5a344007fff,29
8a2f5a36849ffff,29
8a2f5a34436ffff,29
8a2f5a36a8f7fff,29
8a2f5a34cd37fff,29
8a2f5a36356ffff,29
8a2f5a34c767fff,29
8a2f5a34560ffff,29
8a2f5a36a327fff,29
8a2f5a341db7fff,29
8a2f5a36a7affff,29
8a2f5a34ed77fff,29
8a2f5a36e2e7fff,29
8a2f5a36aad7fff,29
8a2f5a3686dffff,29
8a2f5a363707fff,29
8a2f5a36324ffff,29
8a2f5a341cdffff,29
8a2f5a34e947fff,29
8a2f5a3686b7fff,29
8a2f5a36a667fff,29
8a2f5a34cc4ffff,29
8a2f5a363527fff,29
8a2f5a3410cffff,29
8a2f5a344947fff,29
8a2f5a341267fff,29
8a2f5a36351ffff,29
8a2f5a36a617fff,29
8a2f5a344a2ffff,29
8a2f5a36a207fff,29
8a2f5a34169ffff,29
8a2f5a343947fff,29
8a2f5a36ab0ffff,29
8a2f5a36e897fff,29
8a2f5a343a07fff,29
8a2f5a3638affff,29
8a2f5a368507fff,29
8a2f5a363cdffff,29
8a2f5a34cd8ffff,29
8a2f5a36380ffff,29
8a2f5a3458effff,29
8a2f5a345337fff,29
8a2f5a363387fff,29
8a2f5a344b97fff,29
8a2f5a341d8ffff,29
8a2f5a341b47fff,285
8a2f5a3443b7fff,285
8a2f5a345b57fff,30
8a2f5a36b517fff,30
8a2f5a363407fff,30
8a2f5a363acffff,30
8a2f5a340b17fff,30
8a2f5a34165ffff,30
8a2f5a36e607fff,30
8a2f5a36ed97fff,30
8a2f5a363997fff,30
8a2f5a3636dffff,30
8a2f5a343957fff,30
8a2f5a341107fff,30
8a2f5a3459b7fff,30
8a2f5a34cca7fff,30
8a2f5a368c97fff,30
8a2f5a36a1affff,30
8a2f5a340947fff,30
8a2f5a34582ffff,30
8a2f5a36ec9ffff,30
8a2f5a363867fff,30
8a2f5a36a767fff,30
8a2f5a341a5ffff,30
8a2f5a343b47fff,30
8a2f5a341177fff,30
8a2f5a36ad17fff,30
8a2f5a36384ffff,30
8a2f5a3452effff,30
8a2f5a36e8e7fff,30
8a2f5a345887fff,30
8a2f5a34380ffff,30
8a2f5a363ac7fff,30
8a2f5a34189ffff,30
8a2f5a34492ffff,30
8a2f5a34588ffff,30
8a2f5a36a26ffff,30
8a2f5a345587fff,30
8a2f5a36e31ffff,30
8a2f5a344957fff,31
8a2f5a34402ffff,31
8a2f5a34c1a7fff,31
8a2f5a36e4cffff,31
8a2f5a34c937fff,31
8a2f5a34c747fff,31
8a2f5a341a67fff,31
8a2f5a3456f7fff,31
8a2f5a36a52ffff,31
8a2f5a36858ffff,31
8a2f5a36e01ffff,31
8a2f5a3635b7fff,31
8a2f5a36e34ffff,31
8a2f5a345237fff,31
8a2f5a34095ffff,31
8a2f5a36a11ffff,31
8a2f5a3416cffff,31
8a2f5a34c447fff,31
8a2f5a368557fff,31
8a2f5a36e457fff,31
8a2f5a345257fff,31
8a2f5a3452b7fff,31
8a2f5a363117fff,31
8a2f5a368487fff,31
8a2f5a36e02ffff,31
8a2f5a34c807fff,31
8a2f5a34e82ffff,31
8a2f5a3412cffff,31
8a2f5a36a0affff,31
8a2f5a34e96ffff,31
8a2f5a3456cffff,31
8a2f5a345547fff,31
8a2f5a3637a7fff,31
8a2f5a36349ffff,31
8a2f5a363bb7fff,31
8a2f5a345307fff,31
8a2f5a36e08ffff,31
8a2f5a36b427fff,31
8a2f5a340247fff,31
8a2f5a345caffff,31
8a2f5a36e697fff,31
8a2f5a3630f7fff,31
8a2f5a3622dffff,31
8a2f5a363587fff,31
8a2f5a34c457fff,31
8a2f5a34eb17fff,31
8a2f5a345487fff,32
8a2f5a341ce7fff,32
8a2f5a344027fff,32
8a2f5a36ed17fff,32
8a2f5a34156ffff,32
8a2f5a344937fff,32
8a2f5a341117fff,32
8a2f5a36a427fff,32
8a2f5a34cd0ffff,32
8a2f5a341697fff,32
8a2f5a36369ffff,32
8a2f5a341187fff,32
8a2f5a36e4dffff,32
8a2f5a34e877fff,32
8a2f5a340b5ffff,32
8a2f5a3438e7fff,32
8a2f5a36abaffff,32
8a2f5a343b27fff,32
8a2f5a36e8b7fff,32
8a2f5a345107fff,32
8a2f5a3635a7fff,32
8a2f5a341ae7fff,32
8a2f5a340a67fff,32
8a2f5a36ab27fff,32
8a2f5a34cc6ffff,32
8a2f5a36a00ffff,32
8a2f5a34e917fff,32
8a2f5a36390ffff,32
8a2f5a36bc67fff,32
8a2f5a341b8ffff,32
8a2f5a36a4d7fff,32
8a2f5a36a267fff,32
8a2f5a3452e7fff,32
8a2f5a34516ffff,32
8a2f5a34c1affff,32
8a2f5a3418cffff,32
8a2f5a34034ffff,32
8a2f5a34542ffff,544
8a2f5a341b0ffff,33
8a2f5a34411ffff,33
8a2f5a34c19ffff,33
8a2f5a345227fff,33
8a2f5a363a07fff,33
8a2f5a345577fff,33
8a2f5a3415affff,33
8a2f5a345057fff,33
8a2f5a34531ffff,33
8a2f5a34c56ffff,33
8a2f5a36e6a7fff,33
8a2f5a368457fff,33
8a2f5a3637affff,33
8a2f5a36855ffff,33
8a2f5a36e787fff,33
8a2f5a3606cffff,33
8a2f5a341c2ffff,33
8a2f5a34c037fff,33
8a2f5a36a097fff,33
8a2f5a36e42ffff,33
8a2f5a363c9ffff,33
8a2f5a345567fff,33
8a2f5a345617fff,33
8a2f5a3616a7fff,33
8a2f5a3686a7fff,33
8a2f5a36a4dffff,33
8a2f5a36e2d7fff,33
8a2f5a36aaaffff,33
8a2f5a363447fff,33
8a2f5a343b77fff,33
8a2f5a36e51ffff,33
8a2f5a36309ffff,33
8a2f5a36e367fff,33
8a2f5a34e8e7fff,33
8a2f5a34e847fff,33
8a2f5a36e88ffff,33
8a2f5a36a5b7fff,33
8a2f5a341827fff,545
8a2f5a34ccb7fff,34
8a2f5a34160ffff,34
8a2f5a36a787fff,34
8a2f5a34108ffff,34
8a2f5a341337fff,34
8a2f5a34c70ffff,34
8a2f5a3639b7fff,34
8a2f5a34eb07fff,34
8a2f5a36368ffff,34
8a2f5a3416affff,34
8a2f5a36e257fff,34
8a2f5a3606e7fff,34
8a2f5a34558ffff,34
8a2f5a363b9ffff,34
8a2f5a36e19ffff,34
8a2f5a36a2effff,34
8a2f5a345787fff,34
8a2f5a363487fff,34
8a2f5a36eceffff,34
8a2f5a36344ffff,34
8a2f5a36a6f7fff,34
8a2f5a340af7fff,34
8a2f5a36aaa7fff,34
8a2f5a3622effff,34
8a2f5a345327fff,34
8a2f5a34494ffff,34
8a2f5a36a807fff,34
8a2f5a34c517fff,34
8a2f5a3622d7fff,34
8a2f5a344767fff,34
8a2f5a3450effff,34
8a2f5a34c777fff,34
8a2f5a36a477fff,34
8a2f5a345a67fff,34
8a2f5a3442dffff,34
8a2f5a340b2ffff,34
8a2f5a3636effff,34
8a2f5a36129ffff,290
8a2f5a344bb7fff,290
8a2f5a34592ffff,35
8a2f5a368527fff,35
8a2f5a341d07fff,35
8a2f5a36e45ffff,35
8a2f5a34c11ffff,35
8a2f5a36328ffff,35
8a2f5a345027fff,35
8a2f5a36aaf7fff,35
8a2f5a345287fff,35
8a2f5a34505ffff,35
8a2f5a36e017fff,35
8a2f5a343b87fff,35
8a2f5a36850ffff,35
8a2f5a341327fff,35
8a2f5a341c67fff,35
8a2f5a34c95ffff,35
8a2f5a36aac7fff,35
8a2f5a36a29ffff,35
8a2f5a363497fff,35
8a2f5a345687fff,35
8a2f5a345d87fff,35
8a2f5a345d27fff,35
8a2f5a36345ffff,35
8a2f5a36e157fff,35
8a2f5a36aa87fff,35
8a2f5a340a5ffff,35
8a2f5a34c537fff,35
8a2f5a34526ffff,35
8a2f5a344b27fff,35
8a2f5a363597fff,35
8a2f5a36b437fff,35
8a2f5a363507fff,35
8a2f5a36300ffff,36
8a2f5a345b5ffff,36
8a2f5a361797fff,36
8a2f5a345777fff,36
8a2f5a36aa5ffff,36
8a2f5a34036ffff,36
8a2f5a3452f7fff,36
8a2f5a341537fff,36
8a2f5a34ed0ffff,36
8a2f5a341a07fff,36
8a2f5a343857fff,36
8a2f5a363817fff,36
8a2f5a36e54ffff,36
8a2f5a3418dffff,36
8a2f5a34149ffff,36
8a2f5a36391ffff,36
8a2f5a345727fff,36
8a2f5a36a30ffff,36
8a2f5a363737fff,36
8a2f5a340927fff,36
8a2f5a3418b7fff,36
8a2f5a36e0affff,36
8a2f5a363d77fff,36
8a2f5a34578ffff,36
8a2f5a3638f7fff,36
8a2f5a368ccffff,36
8a2f5a345b2ffff,36
8a2f5a36332ffff,36
8a2f5a341077fff,36
8a2f5a3450e7fff,36
8a2f5a3636e7fff,36
8a2f5a363897fff,292
8a2f5a36e197fff,37
8a2f5a345157fff,37
8a2f5a36348ffff,37
8a2f5a3441affff,37
8a2f5a341acffff,37
8a2f5a363097fff,37
8a2f5a36a937fff,37
8a2f5a36acc7fff,37
8a2f5a36e50ffff,37
8a2f5a36a927fff,37
8a2f5a34ccaffff,37
8a2f5a34524ffff,37
8a2f5a340957fff,37
8a2f5a3402effff,37
8a2f5a36e6d7fff,37
8a2f5a363087fff,37
8a2f5a345507fff,37
8a2f5a3684affff,37
8a2f5a36e74ffff,37
8a2f5a345d5ffff,37
8a2f5a344a27fff,37
8a2f5a362287fff,37
8a2f5a36aae7fff,37
8a2f5a36e297fff,37
8a2f5a341d67fff,37
8a2f5a36a0effff,37
8a2f5a36e6b7fff,37
8a2f5a344117fff,37
8a2f5a34150ffff,37
8a2f5a344107fff,37
8a2f5a345a8ffff,37
8a2f5a343a37fff,37
8a2f5a341257fff,37
8a2f5a345ad7fff,37
8a2f5a36848ffff,37
8a2f5a36a197fff,37
8a2f5a363227fff,37
8a2f5a36e377fff,293
8a2f5a34385ffff,38
8a2f5a36e8effff,38
8a2f5a34cc37fff,38
8a2f5a3416e7fff,38
8a2f5a36e2affff,38
8a2f5a345ca7fff,38
8a2f5a36e81ffff,38
8a2f5a341997fff,38
8a2f5a340857fff,38
8a2f5a36379ffff,38
8a2f5a36a94ffff,38
8a2f5a36a357fff,38
8a2f5a3412affff,38
8a2f5a345127fff,38
8a2f5a34cc67fff,38
8a2f5a363957fff,38
8a2f5a36a08ffff,38
8a2f5a34500ffff,38
8a2f5a3458d7fff,38
8a2f5a341d37fff,38
8a2f5a34141ffff,38
8a2f5a34490ffff,38
8a2f5a341baffff,38
8a2f5a36ad67fff,38
8a2f5a344b6ffff,38
8a2f5a36a017fff,38
8a2f5a361687fff,38
8a2f5a36ac77fff,294
8a2f5a34109ffff,39
8a2f5a36ecdffff,39
8a2f5a36312ffff,39
8a2f5a3418a7fff,39
8a2f5a36a067fff,39
8a2f5a36e007fff,39
8a2f5a341157fff,39
8a2f5a36a09ffff,39
8a2f5a34c59ffff,39
8a2f5a3438effff,39
8a2f5a340267fff,39
8a2f5a34154ffff,39
8a2f5a36b42ffff,39
8a2f5a36e987fff,39
8a2f5a34ccd7fff,39
8a2f5a3440d7fff,39
8a2f5a3402e7fff,39
8a2f5a36e98ffff,39
8a2f5a341417fff,39
8a2f5a3415a7fff,40
8a2f5a341cd7fff,40
8a2f5a36a55ffff,40
8a2f5a36a6c7fff,40
8a2f5a341b5ffff,40
8a2f5a34528ffff,40
8a2f5a34550ffff,40
8a2f5a3450d7fff,40
8a2f5a36e647fff,40
8a2f5a36a757fff,40
8a2f5a34c017fff,40
8a2f5a36e4c7fff,40
8a2f5a341067fff,40
8a2f5a36a2affff,40
8a2f5a3413b7fff,40
8a2f5a340b87fff,40
8a2f5a36e22ffff,40
8a2f5a344037fff,40
8a2f5a363aeffff,40
8a2f5a34532ffff,40
8a2f5a345a2ffff,40
8a2f5a345527fff,40
8a2f5a36a4affff,40
8a2f5a363687fff,40
8a2f5a36ab17fff,296
8a2f5a34cc9ffff,296
8a2f5a345d8ffff,41
8a2f5a363577fff,41
8a2f5a36e79ffff,41
8a2f5a36ed0ffff,41
8a2f5a363d27fff,41
8a2f5a34394ffff,41
8a2f5a34484ffff,41
8a2f5a3455b7fff,41
8a2f5a345d67fff,41
8a2f5a36a95ffff,41
8a2f5a3452c7fff,41
8a2f5a34c54ffff,41
8a2f5a34e997fff,41
8a2f5a3684cffff,41
8a2f5a36a967fff,41
8a2f5a3457b7fff,41
8a2f5a3454d7fff,41
8a2f5a36bc0ffff,41
8a2f5a36bca7fff,41
8a2f5a36305ffff,41
8a2f5a36eaa7fff,41
8a2f5a343867fff,41
8a2f5a34120ffff,41
8a2f5a340ab7fff,41
8a2f5a344327fff,41
8a2f5a36a467fff,41
8a2f5a363467fff,41
8a2f5a361497fff,42
8a2f5a3442d7fff,42
8a2f5a363377fff,42
8a2f5a36a167fff,42
8a2f5a3452affff,42
8a2f5a36308ffff,42
8a2f5a345adffff,42
8a2f5a36e0a7fff,42
8a2f5a344867fff,42
8a2f5a36eb9ffff,42
8a2f5a345797fff,42
8a2f5a34c96ffff,42
8a2f5a368cf7fff,42
8a2f5a34e937fff,42
8a2f5a36a6effff,42
8a2f5a34cd5ffff,42
8a2f5a363837fff,42
8a2f5a34575ffff,298
8a2f5a36a51ffff,298
8a2f5a36a48ffff,43
8a2f5a344157fff,43
8a2f5a344b5ffff,43
8a2f5a34104ffff,43
8a2f5a341617fff,43
8a2f5a3458e7fff,43
8a2f5a3442f7fff,43
8a2f5a36a8dffff,43
8a2f5a36e64ffff,43
8a2f5a34cd27fff,43
8a2f5a34564ffff,43
8a2f5a3684f7fff,43
8a2f5a36ad0ffff,43
8a2f5a36bcb7fff,43
8a2f5a344087fff,43
8a2f5a36065ffff,43
8a2f5a363187fff,43
8a2f5a344047fff,43
8a2f5a36a317fff,43
8a2f5a36ac57fff,299
8a2f5a363cc7fff,44
8a2f5a361697fff,44
8a2f5a3440f7fff,44
8a2f5a36a1b7fff,44
8a2f5a363717fff,44
8a2f5a36e657fff,44
8a2f5a341d9ffff,44
8a2f5a36229ffff,44
8a2f5a36ed67fff,44
8a2f5a34cc2ffff,44
8a2f5a34ed57fff,44
8a2f5a36e60ffff,44
8a2f5a36a62ffff,44
8a2f5a3416effff,44
8a2f5a345087fff,44
8a2f5a34595ffff,44
8a2f5a36e477fff,44
8a2f5a341b2ffff,300
8a2f5a3418e7fff,45
8a2f5a36ea8ffff,45
8a2f5a344727fff,45
8a2f5a36a777fff,45
8a2f5a341357fff,45
8a2f5a36e75ffff,45
8a2f5a344967fff,45
8a2f5a345177fff,45
8a2f5a344b4ffff,45
8a2f5a341a17fff,45
8a2f5a36bc8ffff,45
8a2f5a345ceffff,45
8a2f5a36e85ffff,301
8a2f5a3634affff,46
8a2f5a36371ffff,46
8a2f5a368cc7fff,46
8a2f5a345997fff,46
8a2f5a36a24ffff,46
8a2f5a340aeffff,46
8a2f5a36ed9ffff,46
8a2f5a345a27fff,46
8a2f5a34522ffff,46
8a2f5a36b407fff,46
8a2f5a36a72ffff,46
8a2f5a345d17fff,46
8a2f5a3442effff,46
8a2f5a34395ffff,46
8a2f5a36226ffff,46
8a2f5a345067fff,46
8a2f5a345c6ffff,46
8a2f5a34199ffff,46
8a2f5a363057fff,46
8a2f5a341aeffff,46
8a2f5a368687fff,46
8a2f5a344207fff,558
8a2f5a34c4a7fff,47
8a2f5a345c17fff,47
8a2f5a36a39ffff,47
8a2f5a34511ffff,47
8a2f5a36ab2ffff,47
8a2f5a34412ffff,47
8a2f5a36a05ffff,47
8a2f5a3414a7fff,47
8a2f5a36aceffff,47
8a2f5a34e9b7fff,47
8a2f5a344877fff,47
8a2f5a3450affff,47
8a2f5a34100ffff,303
8a2f5a345007fff,48
8a2f5a344377fff,48
8a2f5a34508ffff,48
8a2f5a3630a7fff,48
8a2f5a36068ffff,48
8a2f5a363cf7fff,48
8a2f5a341527fff,48
8a2f5a3685b7fff,48
8a2f5a345917fff,48
8a2f5a34ed4ffff,48
8a2f5a363a4ffff,48
8a2f5a36a147fff,48
8a2f5a340a6ffff,48
8a2f5a340847fff,48
8a2f5a36bd8ffff,48
8a2f5a3414c7fff,48
8a2f5a363457fff,48
8a2f5a345a6ffff,48
8a2f5a3416f7fff,48
8a2f5a36aa07fff,48
8a2f5a3442cffff,48
8a2f5a345647fff,48
8a2f5a34429ffff,48
8a2f5a3451affff,304
8a2f5a34179ffff,304
8a2f5a344a77fff,49
8a2f5a34198ffff,49
8a2f5a36ac07fff,49
8a2f5a36a727fff,49
8a2f5a363b67fff,49
8a2f5a345247fff,49
8a2f5a344b17fff,49
8a2f5a36306ffff,49
8a2f5a345c67fff,49
8a2f5a36341ffff,49
8a2f5a361627fff,49
8a2f5a36228ffff,49
8a2f5a36b52ffff,49
8a2f5a36382ffff,49
8a2f5a341467fff,49
8a2f5a36ab37fff,49
8a2f5a34521ffff,49
8a2f5a343a4ffff,49
8a2f5a36a947fff,49
8a2f5a341d57fff,49
8a2f5a36879ffff,49
8a2f5a3414f7fff,49
8a2f5a36bc17fff,49
8a2f5a34566ffff,305
8a2f5a36a9a7fff,50
8a2f5a34c9a7fff,50
8a2f5a3448f7fff,50
8a2f5a363c77fff,50
8a2f5a36a96ffff,50
8a2f5a3412dffff,50
8a2f5a34400ffff,50
8a2f5a344a9ffff,50
8a2f5a34084ffff,50
8a2f5a3418affff,50
8a2f5a345d0ffff,50
8a2f5a34130ffff,50
8a2f5a343b67fff,306
8a2f5a3410effff,51
8a2f5a36e677fff,51
8a2f5a363977fff,51
8a2f5a36a40ffff,51
8a2f5a36869ffff,51
8a2f5a344907fff,51
8a2f5a34409ffff,51
8a2f5a36ac17fff,51
8a2f5a345897fff,51
8a2f5a363107fff,51
8a2f5a34502ffff,51
8a2f5a3418c7fff,51
8a2f5a34509ffff,51
8a2f5a34c90ffff,51
8a2f5a344127fff,51
8a2f5a34128ffff,51
8a2f5a344277fff,51
8a2f5a36e71ffff,51
8a2f5a36bd37fff,51
8a2f5a344b37fff,51
8a2f5a3606dffff,51
8a2f5a36a957fff,51
8a2f5a341057fff,51
8a2f5a36a8a7fff,307
8a2f5a345a47fff,52
8a2f5a36a287fff,52
8a2f5a34188ffff,52
8a2f5a3419b7fff,52
8a2f5a363a9ffff,52
8a2f5a363797fff,52
8a2f5a341547fff,52
8a2f5a36e567fff,52
8a2f5a341d47fff,52
8a2f5a368477fff,52
8a2f5a36e46ffff,52
8a2f5a36bcaffff,52
8a2f5a36a027fff,52
8a2f5a341b67fff,52
8a2f5a36868ffff,52
8a2f5a3410f7fff,308
8a2f5a345077fff,53
8a2f5a363347fff,53
8a2f5a36331ffff,53
8a2f5a34c117fff,53
8a2f5a363537fff,53
8a2f5a3622e7fff,53
8a2f5a36311ffff,53
8a2f5a36318ffff,53
8a2f5a36350ffff,53
8a2f5a36bd2ffff,53
8a2f5a345c9ffff,53
8a2f5a34415ffff,53
8a2f5a36bc37fff,53
8a2f5a34135ffff,53
8a2f5a34c82ffff,53
8a2f5a3457a7fff,53
8a2f5a36aa4ffff,53
8a2f5a363427fff,53
8a2f5a36ecf7fff,309
8a2f5a3440c7fff,309
8a2f5a36a497fff,565
8a2f5a36a557fff,54
8a2f5a343b8ffff,54
8a2f5a345c97fff,54
8a2f5a3459a7fff,54
8a2f5a34171ffff,54
8a2f5a36ec87fff,54
8a2f5a34c007fff,54
8a2f5a363a0ffff,54
8a2f5a340ac7fff,54
8a2f5a34cc0ffff,54
8a2f5a36e35ffff,310
8a2f5a36a58ffff,310
8a2f5a36a917fff,55
8a2f5a36a087fff,55
8a2f5a34092ffff,55
8a2f5a363d67fff,55
8a2f5a34e98ffff,55
8a2f5a34e837fff,55
8a2f5a3630affff,55
8a2f5a344367fff,55
8a2f5a3414affff,55
8a2f5a36354ffff,55
8a2f5a341837fff,55
8a2f5a36bdaffff,55
8a2f5a34434ffff,55
8a2f5a345c87fff,55
8a2f5a344acffff,55
8a2f5a341247fff,55
8a2f5a3414cffff,55
8a2f5a341817fff,55
8a2f5a360647fff,55
8a2f5a3440affff,55
8a2f5a36b55ffff,311
8a2f5a361757fff,567
8a2f5a36b577fff,56
8a2f5a36a65ffff,56
8a2f5a3622f7fff,56
8a2f5a36e4effff,56
8a2f5a345937fff,56
8a2f5a36bc87fff,56
8a2f5a344a57fff,568
8a2f5a341887fff,57
8a2f5a3454a7fff,57
8a2f5a36ac0ffff,57
8a2f5a36eb8ffff,57
8a2f5a34125ffff,57
8a2f5a341587fff,57
8a2f5a36a8cffff,57
8a2f5a341d5ffff,57
8a2f5a345cb7fff,57
8a2f5a36a677fff,57
8a2f5a345667fff,313
8a2f5a34c4effff,58
8a2f5a36a86ffff,58
8a2f5a34512ffff,58
8a2f5a34131ffff,58
8a2f5a3606d7fff,58
8a2f5a341377fff,58
8a2f5a363d47fff,58
8a2f5a36bd5ffff,58
8a2f5a341577fff,58
8a2f5a36e2cffff,314
8a2f5a34106ffff,59
8a2f5a361637fff,59
8a2f5a345927fff,59
8a2f5a36e14ffff,59
8a2f5a344287fff,59
8a2f5a340a47fff,59
8a2f5a34ccc7fff,59
8a2f5a344177fff,59
8a2f5a3450a7fff,59
8a2f5a36a387fff,59
8a2f5a36a367fff,59
8a2f5a34428ffff,59
8a2f5a361617fff,59
8a2f5a36a507fff,315
8a2f5a345d9ffff,60
8a2f5a34598ffff,60
8a2f5a345137fff,60
8a2f5a34155ffff,60
8a2f5a3416b7fff,316
8a2f5a36bdb7fff,572
8a2f5a36a59ffff,61
8a2f5a363a67fff,61
8a2f5a341207fff,61
8a2f5a34424ffff,61
8a2f5a36a9affff,61
8a2f5a368c0ffff,61
8a2f5a341b17fff,61
8a2f5a36ac6ffff,61
8a2f5a34e987fff,61
8a2f5a34510ffff,61
8a2f5a36acaffff,61
8a2f5a34191ffff,317
8a2f5a36ad37fff,62
8a2f5a34025ffff,62
8a2f5a34126ffff,62
8a2f5a344267fff,62
8a2f5a34c957fff,62
8a2f5a34026ffff,62
8a2f5a36b59ffff,62
8a2f5a363c4ffff,63
8a2f5a3458b7fff,63
8a2f5a345857fff,63
8a2f5a36a2a7fff,63
8a2f5a34180ffff,63
8a2f5a36eab7fff,63
8a2f5a36ac67fff,319
8a2f5a34cd77fff,64
8a2f5a36bd0ffff,64
8a2f5a3448cffff,64
8a2f5a34196ffff,64
8a2f5a341497fff,64
8a2f5a36ec97fff,64
8a2f5a340a37fff,65
8a2f5a36a137fff,65
8a2f5a34c927fff,65
8a2f5a3634f7fff,65
8a2f5a363b5ffff,65
8a2f5a34cc8ffff,65
8a2f5a344167fff,65
8a2f5a340a77fff,65
8a2f5a344a1ffff,65
8a2f5a344a17fff,65
8a2f5a36a657fff,65
8a2f5a36a0b7fff,65
8a2f5a36bc9ffff,65
8a2f5a363017fff,65
8a2f5a345987fff,66
8a2f5a340b57fff,66
8a2f5a363007fff,66
8a2f5a36bc77fff,66
8a2f5a344847fff,66
8a2f5a36ab9ffff,66
8a2f5a363967fff,66
8a2f5a341c8ffff,66
8a2f5a3419a7fff,66
8a2f5a36a70ffff,66
8a2f5a363787fff,66
8a2f5a3454affff,67
8a2f5a3413affff,67
8a2f5a34c18ffff,67
8a2f5a3454cffff,67
8a2f5a34cd2ffff,67
8a2f5a341717fff,67
8a2f5a36149ffff,67
8a2f5a3686affff,67
8a2f5a341c97fff,67
8a2f5a363357fff,67
8a2f5a341787fff,67
8a2f5a36a6d7fff,323
8a2f5a344067fff,323
8a2f5a344ae7fff,68
8a2f5a36ac27fff,68
8a2f5a36ad2ffff,68
8a2f5a3415b7fff,68
8a2f5a341897fff,68
8a2f5a363c67fff,68
8a2f5a345717fff,324
8a2f5a3631a7fff,324
8a2f5a36396ffff,69
8a2f5a34426ffff,69
8a2f5a345d47fff,69
8a2f5a345d1ffff,69
8a2f5a343b5ffff,69
8a2f5a36a077fff,69
8a2f5a3442affff,69
8a2f5a36eb87fff,69
8a2f5a36a88ffff,69
8a2f5a36a69ffff,69
8a2f5a3442e7fff,69
8a2f5a34518ffff,1093
8a2f5a36a3affff,70
8a2f5a340aa7fff,70
8a2f5a341a9ffff,70
8a2f5a344347fff,70
8a2f5a341777fff,70
8a2f5a343a47fff,70
8a2f5a36e24ffff,326
8a2f5a345447fff,1606
8a2f5a34422ffff,71
8a2f5a340b47fff,71
8a2f5a36aacffff,71
8a2f5a341d0ffff,71
8a2f5a3450cffff,71
8a2f5a34c877fff,71
8a2f5a363907fff,71
8a2f5a34406ffff,71
8a2f5a34161ffff,71
8a2f5a36e78ffff,71
8a2f5a345097fff,72
8a2f5a34c4affff,72
8a2f5a344057fff,328
8a2f5a341987fff,73
8a2f5a34105ffff,73
8a2f5a345147fff,73
8a2f5a36aa27fff,73
8a2f5a36a68ffff,329
8a2f5a341907fff,841
8a2f5a341947fff,1097
8a2f5a3448effff,1097
8a2f5a34c187fff,74
8a2f5a36b597fff,74
8a2f5a3416a7fff,74
8a2f5a34c917fff,74
8a2f5a363af7fff,74
8a2f5a36a527fff,330
8a2f5a34414ffff,330
8a2f5a34431ffff,330
8a2f5a36eba7fff,330
8a2f5a345117fff,75
8a2f5a36302ffff,75
8a2f5a34c91ffff,75
8a2f5a34c907fff,75
8a2f5a36ad57fff,75
8a2f5a34386ffff,75
8a2f5a344257fff,331
8a2f5a361667fff,331
8a2f5a34c137fff,76
8a2f5a36a217fff,76
8a2f5a36a2c7fff,76
8a2f5a34cd4ffff,76
8a2f5a36a907fff,76
8a2f5a36e9affff,76
8a2f5a34101ffff,76
8a2f5a340acffff,76
8a2f5a34085ffff,76
8a2f5a363547fff,332
8a2f5a341277fff,77
8a2f5a34488ffff,77
8a2f5a36a597fff,77
8a2f5a34e8affff,77
8a2f5a36301ffff,77
8a2f5a345b17fff,77
8a2f5a340b8ffff,78
8a2f5a340b67fff,78
8a2f5a36eadffff,78
8a2f5a36a28ffff,78
8a2f5a34416ffff,78
8a2f5a343b37fff,78
8a2f5a36a867fff,78
8a2f5a34178ffff,78
8a2f5a345da7fff,334
8a2f5a368daffff,334
8a2f5a36ac8ffff,79
8a2f5a34132ffff,79
8a2f5a341d4ffff,79
8a2f5a36a04ffff,79
8a2f5a36a057fff,79
8a2f5a36b4b7fff,79
8a2f5a3457affff,79
8a2f5a36e6effff,79
8a2f5a345677fff,80
8a2f5a34c9affff,80
8a2f5a341b07fff,80
8a2f5a341b37fff,80
8a2f5a34024ffff,80
8a2f5a3402c7fff,80
8a2f5a36392ffff,80
8a2f5a36eca7fff,80
8a2f5a345c4ffff,80
8a2f5a340877fff,80
8a2f5a36ea37fff,336
8a2f5a344ba7fff,81
8a2f5a34124ffff,81
8a2f5a34435ffff,81
8a2f5a345d37fff,81
8a2f5a36a987fff,81
8a2f5a363317fff,81
8a2f5a341957fff,2385
8a2f5a36bd57fff,82
8a2f5a36a8affff,82
8a2f5a36a3a7fff,82
8a2f5a36e727fff,338
8a2f5a368517fff,83
8a2f5a34cc07fff,83
8a2f5a345ba7fff,83
8a2f5a361457fff,339
8a2f5a36225ffff,84
8a2f5a363307fff,84
8a2f5a36a047fff,84
8a2f5a36a16ffff,84
8a2f5a345a77fff,85
8a2f5a34c89ffff,85
8a2f5a34c527fff,85
8a2f5a36148ffff,85
8a2f5a36edb7fff,85
8a2f5a36e0b7fff,85
8a2f5a343a0ffff,85
8a2f5a345d97fff,85
8a2f5a34c847fff,85
8a2f5a36a92ffff,341
8a2f5a36e6f7fff,86
8a2f5a343a57fff,86
8a2f5a36e807fff,86
8a2f5a34c88ffff,86
8a2f5a36a237fff,86
8a2f5a344317fff,86
8a2f5a34c507fff,86
8a2f5a36a2e7fff,86
8a2f5a36a107fff,87
8a2f5a34576ffff,87
8a2f5a340baffff,87
8a2f5a363b27fff,87
8a2f5a36bd17fff,87
8a2f5a36164ffff,87
8a2f5a34e927fff,87
8a2f5a3413a7fff,87
8a2f5a3448d7fff,87
8a2f5a36174ffff,343
8a2f5a345c07fff,88
8a2f5a36e56ffff,88
8a2f5a36e707fff,88
8a2f5a36e66ffff,88
8a2f5a3452cffff,88
8a2f5a341c87fff,88
8a2f5a36334ffff,88
8a2f5a36ed8ffff,88
8a2f5a36e747fff,88
8a2f5a368797fff,88
8a2f5a363077fff,88
8a2f5a34e8b7fff,344
8a2f5a36ab87fff,89
8a2f5a362257fff,89
8a2f5a34172ffff,89
8a2f5a36e907fff,89
8a2f5a3606effff,89
8a2f5a368c57fff,89
8a2f5a363937fff,345
8a2f5a363887fff,90
8a2f5a345557fff,90
8a2f5a36355ffff,346
8a2f5a34090ffff,91
8a2f5a341737fff,91
8a2f5a340a87fff,91
8a2f5a36a977fff,91
8a2f5a34545ffff,91
8a2f5a36e557fff,92
8a2f5a36a21ffff,92
8a2f5a34116ffff,92
8a2f5a34174ffff,92
8a2f5a36e777fff,92
8a2f5a3418effff,92
8a2f5a36a6cffff,92
8a2f5a363a8ffff,92
8a2f5a36a9b7fff,92
8a2f5a34485ffff,92
8a2f5a343877fff,92
8a2f5a340a2ffff,92
8a2f5a344147fff,92
8a2f5a36a517fff,92
8a2f5a34401ffff,348
8a2f5a34152ffff,93
8a2f5a345c0ffff,93
8a2f5a344247fff,93
8a2f5a3451b7fff,93
8a2f5a368c07fff,349
8a2f5a36166ffff,349
8a2f5a36029ffff,861
8a2f5a34e99ffff,94
8a2f5a3416dffff,94
8a2f5a34599ffff,94
8a2f5a36bc07fff,94
8a2f5a363b0ffff,94
8a2f5a34585ffff,94
8a2f5a34476ffff,94
8a2f5a36e827fff,606
8a2f5a34472ffff,95
8a2f5a36e277fff,95
8a2f5a36ec17fff,95
8a2f5a363ae7fff,95
8a2f5a3418f7fff,95
8a2f5a36a2cffff,96
8a2f5a344a97fff,96
8a2f5a36ab97fff,96
8a2f5a3638a7fff,96
8a2f5a345467fff,352
8a2f5a3685a7fff,97
8a2f5a34c9b7fff,97
8a2f5a341797fff,97
8a2f5a3452d7fff,97
8a2f5a34cc17fff,97
8a2f5a3450dffff,97
8a2f5a340ae7fff,97
8a2f5a345737fff,97
8a2f5a34425ffff,353
8a2f5a36e6e7fff,98
8a2f5a341d97fff,98
8a2f5a345d07fff,98
8a2f5a36aaeffff,98
8a2f5a363927fff,354
8a2f5a34382ffff,99
8a2f5a341747fff,99
8a2f5a36e617fff,99
8a2f5a34cc87fff,99
8a2f5a36a81ffff,99
8a2f5a36a3b7fff,99
8a2f5a36eb17fff,99
8a2f5a36e84ffff,99
8a2f5a36e90ffff,355
8a2f5a36bd97fff,611
8a2f5a345d77fff,100
8a2f5a345d2ffff,100
8a2f5a36ad77fff,100
8a2f5a34ed6ffff,100
8a2f5a343a2ffff,100
8a2f5a36b487fff,101
8a2f5a344217fff,357
8a2f5a343ae7fff,357
8a2f5a3634effff,102
8a2f5a36e55ffff,102
8a2f5a3684c7fff,102
8a2f5a34c897fff,102
8a2f5a345417fff,102
8a2f5a36aa0ffff,102
8a2f5a340a1ffff,102
8a2f5a34e9affff,102
8a2f5a3622affff,102
8a2f5a341167fff,103
8a2f5a36220ffff,103
8a2f5a343a67fff,103
8a2f5a344adffff,104
8a2f5a34c437fff,105
8a2f5a344747fff,105
8a2f5a3614f7fff,105
8a2f5a344337fff,105
8a2f5a36224ffff,105
8a2f5a36ab1ffff,361
8a2f5a344397fff,106
8a2f5a34ed17fff,106
8a2f5a3442b7fff,106
8a2f5a34eda7fff,106
8a2f5a345c77fff,106
8a2f5a345c57fff,106
8a2f5a36e82ffff,362
8a2f5a34c997fff,618
8a2f5a34129ffff,107
8a2f5a36eccffff,107
8a2f5a363ce7fff,363
8a2f5a36a837fff,363
8a2f5a363b77fff,108
8a2f5a34581ffff,108
8a2f5a344017fff,364
8a2f5a345c47fff,109
8a2f5a3458a7fff,109
8a2f5a36a817fff,109
8a2f5a361717fff,365
8a2f5a3440e7fff,365
8a2f5a36e52ffff,110
8a2f5a36e72ffff,110
8a2f5a34146ffff,110
8a2f5a34c4f7fff,110
8a2f5a36e80ffff,111
8a2f5a345817fff,111
8a2f5a34c407fff,111
8a2f5a363037fff,111
8a2f5a368417fff,111
8a2f5a34cc27fff,111
8a2f5a344b8ffff,367
8a2f5a3440effff,623
8a2f5a34405ffff,112
8a2f5a36e347fff,112
8a2f5a368407fff,112
8a2f5a341807fff,113
8a2f5a34562ffff,113
8a2f5a34544ffff,625
8a2f5a36e32ffff,114
8a2f5a341b27fff,370
8a2f5a363ceffff,626
8a2f5a341847fff,115
8a2f5a34159ffff,115
8a2f5a36e837fff,115
8a2f5a3614d7fff,115
8a2f5a36a997fff,116
8a2f5a3448c7fff,116
8a2f5a368d8ffff,116
8a2f5a36a91ffff,372
8a2f5a340b0ffff,117
8a2f5a341217fff,117
8a2f5a34555ffff,373
8a2f5a340ba7fff,118
8a2f5a36a15ffff,118
8a2f5a36a89ffff,118
8a2f5a36a587fff,118
8a2f5a362247fff,119
8a2f5a36066ffff,119
8a2f5a36bda7fff,119
8a2f5a36a827fff,119
8a2f5a34421ffff,119
8a2f5a34541ffff,119
8a2f5a36a12ffff,120
8a2f5a36bd9ffff,120
8a2f5a34190ffff,2168
8a2f5a344ac7fff,121
8a2f5a36e087fff,121
8a2f5a345437fff,121
8a2f5a3442c7fff,122
8a2f5a343b1ffff,122
8a2f5a345b1ffff,123
8a2f5a343967fff,379
8a2f5a36a5affff,379
8a2f5a36ad07fff,124
8a2f5a3686d7fff,124
8a2f5a34c987fff,124
8a2f5a345db7fff,124
8a2f5a34136ffff,124
8a2f5a343847fff,125
8a2f5a345c2ffff,125
8a2f5a36aba7fff,125
8a2f5a34182ffff,637
8a2f5a345707fff,126
8a2f5a345427fff,382
8a2f5a36e6c7fff,127
8a2f5a36e577fff,127
8a2f5a36bc47fff,127
8a2f5a36a697fff,127
8a2f5a34181ffff,127
8a2f5a344857fff,128
8a2f5a345517fff,128
8a2f5a36a127fff,129
8a2f5a34e967fff,129
8a2f5a3417affff,129
8a2f5a36e6cffff,129
8a2f5a345477fff,1921
8a2f5a34e897fff,130
8a2f5a36304ffff,130
8a2f5a36bd07fff,131
8a2f5a3454effff,131
8a2f5a341857fff,387
8a2f5a36e467fff,132
8a2f5a3402dffff,132
8a2f5a36e65ffff,133
8a2f5a3419affff,134
8a2f5a368c37fff,134
8a2f5a3454c7fff,134
8a2f5a36a10ffff,134
8a2f5a34529ffff,135
8a2f5a34570ffff,135
8a2f5a341297fff,135
8a2f5a363d6ffff,135
8a2f5a36e917fff,391
8a2f5a36aa57fff,136
8a2f5a3637b7fff,136
8a2f5a3631affff,136
8a2f5a340b77fff,136
8a2f5a34481ffff,137
8a2f5a34546ffff,137
8a2f5a344aeffff,138
8a2f5a36a99ffff,138
8a2f5a36eda7fff,138
8a2f5a36e25ffff,394
8a2f5a363027fff,139
8a2f5a36e097fff,139
8a2f5a36ad47fff,139
8a2f5a36e267fff,139
8a2f5a34554ffff,395
8a2f5a36ab07fff,140
8a2f5a363047fff,140
8a2f5a341967fff,141
8a2f5a344baffff,397
8a2f5a34c8b7fff,910
8a2f5a345747fff,143
8a2f5a345d6ffff,143
8a2f5a36eaaffff,145
8a2f5a3402cffff,145
8a2f5a3450f7fff,145
8a2f5a34194ffff,401
8a2f5a344777fff,147
8a2f5a36ed87fff,147
8a2f5a34148ffff,148
8a2f5a344307fff,148
8a2f5a3614affff,149
8a2f5a36a157fff,151
8a2f5a34480ffff,151
8a2f5a36e09ffff,663
8a2f5a361597fff,408
8a2f5a36ebaffff,408
8a2f5a345767fff,153
8a2f5a368c27fff,409
8a2f5a3602dffff,409
8a2f5a345c27fff,154
8a2f5a363a2ffff,154
8a2f5a36171ffff,154
8a2f5a34c92ffff,154
8a2f5a343b4ffff,155
8a2f5a34c417fff,155
8a2f5a363b2ffff,155
8a2f5a36e2dffff,411
8a2f5a34168ffff,157
8a2f5a341347fff,157
8a2f5a343a27fff,157
8a2f5a34c4c7fff,158
8a2f5a36ec1ffff,159
8a2f5a34384ffff,159
8a2f5a341237fff,160
8a2f5a34e8a7fff,161
8a2f5a36e247fff,417
8a2f5a36ecd7fff,162
8a2f5a340907fff,162
8a2f5a34501ffff,162
8a2f5a34c4cffff,163
8a2f5a36330ffff,163
8a2f5a36e30ffff,164
8a2f5a36170ffff,420
8a2f5a34ed67fff,165
8a2f5a34432ffff,165
8a2f5a36e7affff,165
8a2f5a3448dffff,165
8a2f5a344b07fff,166
8a2f5a368ceffff,166
8a2f5a36e357fff,166
8a2f5a36e26ffff,422
8a2f5a36064ffff,167
8a2f5a363b57fff,167
8a2f5a36398ffff,168
8a2f5a36edaffff,168
8a2f5a34c41ffff,168
8a2f5a3634e7fff,424
8a2f5a341b87fff,424
8a2f5a36a4b7fff,169
8a2f5a341687fff,170
8a2f5a34cd57fff,171
8a2f5a341927fff,172
8a2f5a344b87fff,172
8a2f5a340a27fff,172
8a2f5a341b6ffff,172
8a2f5a345627fff,172
8a2f5a3454dffff,174
8a2f5a344297fff,175
8a2f5a3414d7fff,175
8a2f5a3684effff,175
8a2f5a36e61ffff,175
8a2f5a34551ffff,177
8a2f5a345037fff,177
8a2f5a3416d7fff,178
8a2f5a344b1ffff,178
8a2f5a340a07fff,179
8a2f5a36e847fff,180
8a2f5a36ad4ffff,180
8a2f5a36a90ffff,949
8a2f5a345407fff,183
8a2f5a36a02ffff,184
8a2f5a36ad6ffff,185
8a2f5a363ccffff,185
8a2f5a3450c7fff,186
8a2f5a341367fff,186
8a2f5a361487fff,187
8a2f5a344a4ffff,187
8a2f5a36bd27fff,187
8a2f5a344237fff,2235
8a2f5a36a6b7fff,189
8a2f5a3455affff,189
8a2f5a36acf7fff,189
8a2f5a36342ffff,189
8a2f5a341a8ffff,189
8a2f5a344077fff,190
8a2f5a3454e7fff,190
8a2f5a3687b7fff,190
8a2f5a36e447fff,191
8a2f5a341cb7fff,191
8a2f5a3614a7fff,447
8a2f5a341ad7fff,192
8a2f5a3685affff,193
8a2f5a34c51ffff,193
8a2f5a36175ffff,449
8a2f5a36ecaffff,194
8a2f5a34134ffff,195
8a2f5a34cc97fff,197
8a2f5a341ba7fff,197
8a2f5a36e44ffff,200
8a2f5a3634d7fff,201
8a2f5a36e637fff,201
8a2f5a36841ffff,202
8a2f5a341487fff,202
8a2f5a341b4ffff,203
8a2f5a3452dffff,203
8a2f5a341917fff,204
8a2f5a343a5ffff,204
8a2f5a34195ffff,716
8a2f5a363477fff,205
8a2f5a345c37fff,205
8a2f5a343b17fff,205
8a2f5a36a98ffff,461
8a2f5a3639a7fff,206
8a2f5a345757fff,208
8a2f5a345daffff,208
8a2f5a344b9ffff,208
8a2f5a36eaf7fff,208
8a2f5a3448e7fff,209
8a2f5a363a57fff,465
8a2f5a36a887fff,210
8a2f5a34c8a7fff,211
8a2f5a344a47fff,211
8a2f5a3639affff,211
8a2f5a368c77fff,212
8a2f5a34438ffff,980
8a2f5a363567fff,214
8a2f5a34102ffff,214
8a2f5a36399ffff,214
8a2f5a36a487fff,214
8a2f5a363987fff,215
8a2f5a344387fff,471
8a2f5a341977fff,1495
8a2f5a3614e7fff,216
8a2f5a368c17fff,473
8a2f5a36144ffff,473
8a2f5a341aaffff,219
8a2f5a344b2ffff,220
8a2f5a34430ffff,220
8a2f5a361297fff,220
8a2f5a34574ffff,221
8a2f5a344a37fff,221
8a2f5a3684e7fff,222
8a2f5a34115ffff,222
8a2f5a3410d7fff,222
8a2f5a341b9ffff,223
8a2f5a36221ffff,224
8a2f5a3414b7fff,225
8a2f5a34571ffff,225
8a2f5a3410e7fff,225
8a2f5a36a897fff,226
8a2f5a36e857fff,227
8a2f5a341877fff,483
8a2f5a361747fff,484
8a2f5a344a5ffff,996
8a2f5a341a87fff,229
8a2f5a341727fff,230
8a2f5a363c5ffff,742
8a2f5a344227fff,231
8a2f5a341b97fff,232
8a2f5a34c8f7fff,232
8a2f5a345c5ffff,232
8a2f5a341937fff,488
8a2f5a368437fff,233
8a2f5a368c1ffff,234
8a2f5a34519ffff,235
8a2f5a36e877fff,236
8a2f5a36a8b7fff,492
8a2f5a341707fff,237
8a2f5a363c6ffff,237
8a2f5a34c99ffff,493
8a2f5a36a6dffff,494
8a2f5a3443affff,1262
8a2f5a3443a7fff,239
8a2f5a363a5ffff,1007
8a2f5a34439ffff,240
8a2f5a36ece7fff,241
8a2f5a3414dffff,242
8a2f5a363c47fff,242
8a2f5a36e737fff,243
8a2f5a36ace7fff,243
8a2f5a36e937fff,244
8a2f5a34c8affff,244
8a2f5a368c5ffff,244
8a2f5a341867fff,245
8a2f5a341b77fff,245
8a2f5a34396ffff,757
8a2f5a36a49ffff,246
8a2f5a368c2ffff,247
8a2f5a36ea17fff,247
8a2f5a34cd6ffff,1783
8a2f5a34cd47fff,248
8a2f5a3450b7fff,248
8a2f5a36e7a7fff,249
8a2f5a344a07fff,251
8a2f5a36a4a7fff,251
8a2f5a36141ffff,763
8a2f5a345017fff,252
8a2f5a34556ffff,252
8a2f5a340a17fff,252
8a2f5a368d1ffff,764
8a2f5a3634c7fff,254
8a2f5a34192ffff,510
8a2f5a36ead7fff,255
8a2f5a345297fff,255
8a2f5a34185ffff,511
8a2f5a34e887fff,511
